{
  "CodeGraphRAG": {
    "recall_at_1": 0.5,
    "precision_at_1": 1.0,
    "ndcg_at_1": 1.0,
    "recall_at_3": 0.5,
    "precision_at_3": 0.333333,
    "ndcg_at_3": 0.613147,
    "recall_at_5": 1.0,
    "precision_at_5": 0.4,
    "ndcg_at_5": 0.850345,
    "recall_at_10": 1.0,
    "precision_at_10": 0.2,
    "ndcg_at_10": 0.850345,
    "mrr": 1.0,
    "map": 0.7,
    "exact_match": 0.0,
    "token_f1": 0.033816,
    "semantic_similarity": 0.9107,
    "rouge_l": 0.046422,
    "bleu": 0.001278,
    "mean_s": 200.1909,
    "median_s": 200.1909,
    "std_s": 0.0,
    "min_s": 200.1909,
    "max_s": 200.1909,
    "p50_s": 200.1909,
    "p75_s": 200.1909,
    "p90_s": 200.1909,
    "p95_s": 200.1909,
    "p99_s": 200.1909,
    "mean_mb": 0.0,
    "peak_mb": 0.0,
    "std_mb": 0.0,
    "queries_per_second": 0.005,
    "total_wall_time_s": 200.19,
    "total_queries": 1.0
  },
  "SimpleRAG": {
    "recall_at_1": 0.0,
    "precision_at_1": 0.0,
    "ndcg_at_1": 0.0,
    "recall_at_3": 0.0,
    "precision_at_3": 0.0,
    "ndcg_at_3": 0.0,
    "recall_at_5": 0.0,
    "precision_at_5": 0.0,
    "ndcg_at_5": 0.0,
    "recall_at_10": 0.0,
    "precision_at_10": 0.0,
    "ndcg_at_10": 0.0,
    "mrr": 0.0,
    "map": 0.0,
    "exact_match": 0.0,
    "token_f1": 0.033333,
    "semantic_similarity": 0.895723,
    "rouge_l": 0.035651,
    "bleu": 0.002657,
    "mean_s": 136.3906,
    "median_s": 136.3906,
    "std_s": 0.0,
    "min_s": 136.3906,
    "max_s": 136.3906,
    "p50_s": 136.3906,
    "p75_s": 136.3906,
    "p90_s": 136.3906,
    "p95_s": 136.3906,
    "p99_s": 136.3906,
    "mean_mb": 0.0,
    "peak_mb": 0.0,
    "std_mb": 0.0,
    "queries_per_second": 0.0073,
    "total_wall_time_s": 136.39,
    "total_queries": 1.0
  },
  "SingleAgent": {
    "recall_at_1": 0.5,
    "precision_at_1": 1.0,
    "ndcg_at_1": 1.0,
    "recall_at_3": 0.5,
    "precision_at_3": 0.333333,
    "ndcg_at_3": 0.613147,
    "recall_at_5": 0.5,
    "precision_at_5": 0.2,
    "ndcg_at_5": 0.613147,
    "recall_at_10": 0.5,
    "precision_at_10": 0.1,
    "ndcg_at_10": 0.613147,
    "mrr": 1.0,
    "map": 0.5,
    "exact_match": 0.0,
    "token_f1": 0.040115,
    "semantic_similarity": 0.902883,
    "rouge_l": 0.043764,
    "bleu": 0.003223,
    "mean_s": 152.5908,
    "median_s": 152.5908,
    "std_s": 0.0,
    "min_s": 152.5908,
    "max_s": 152.5908,
    "p50_s": 152.5908,
    "p75_s": 152.5908,
    "p90_s": 152.5908,
    "p95_s": 152.5908,
    "p99_s": 152.5908,
    "mean_mb": 0.0,
    "peak_mb": 0.0,
    "std_mb": 0.0,
    "queries_per_second": 0.0066,
    "total_wall_time_s": 152.59,
    "total_queries": 1.0
  }
}