{
  "question_id": "Q1",
  "phase": "complete",
  "timestamp": "2026-07-22T15:12:53.832272",
  "data": {
    "grounding": 100.0,
    "semantic_similarity": 85.91444492340088,
    "numerical_accuracy": 100.0,
    "completeness": 64.49882388114929,
    "hallucination": 0.0,
    "retrieval_recall": 100,
    "context_precision": 100.0,
    "overall_score": 90.97421586513519,
    "runtime_ms": 5483.834899998328,
    "ablation_results": {
      "chunk_only": 90.97421586513519,
      "expanded": 90.97421586513519
    }
  }
}